djula, ghcr.io/ocicl/djula@sha256:2e8d1ebfd391dc4626d7507559f607b88665ab70dd63adc1aefa3851381b74cf, djula-20230809-331e2d5/djula.asd
djula-test, ghcr.io/ocicl/djula@sha256:2e8d1ebfd391dc4626d7507559f607b88665ab70dd63adc1aefa3851381b74cf, djula-20230809-331e2d5/djula-test.asd
djula-examples, ghcr.io/ocicl/djula@sha256:2e8d1ebfd391dc4626d7507559f607b88665ab70dd63adc1aefa3851381b74cf, djula-20230809-331e2d5/djula-examples.asd
cl-ppcre, ghcr.io/ocicl/cl-ppcre@sha256:8042e7730ed475808e237fcfe34d8e2a5f9f192555922cb819f08969e9ab76c2, cl-ppcre-20230813-93bd7cf/cl-ppcre.asd
cl-ppcre-unicode, ghcr.io/ocicl/cl-ppcre@sha256:8042e7730ed475808e237fcfe34d8e2a5f9f192555922cb819f08969e9ab76c2, cl-ppcre-20230813-93bd7cf/cl-ppcre-unicode.asd
cl-ffc, ghcr.io/ocicl/cl-ffc@sha256:b0b15dbe2f0818143da8d56e343ef35d0933bb95ad27b640c9cf14947492d7b5, cl-ffc-20230809-cc06a9b/cl-ffc.asd
trivial-utf-8, ghcr.io/ocicl/trivial-utf-8@sha256:6ad4c3d48f37cc4eb7a1af18399e8d3f3c506b682ab9498c93130dd3dae1ce1c, trivial-utf-8-20230809-ba9b4ff/trivial-utf-8.asd
cl-fad, ghcr.io/ocicl/cl-fad@sha256:4abd6537a2e7115b20dbe46c7e6656923f42686d78820d42ed54d6833b6410fc, cl-fad-0.7.6/cl-fad.asd
bordeaux-threads, ghcr.io/ocicl/bordeaux-threads@sha256:9df017ccbb783949cdaea6c7849d678105e041b784d0fc738220873739c3bfe5, bordeaux-threads-0.9.1/bordeaux-threads.asd
alexandria, ghcr.io/ocicl/alexandria@sha256:721cedc4d790274a1e8a8e7239aef8e82d0ab5d530aad83ceb0da0d773bf7cb1, alexandria-20230813-db1288f/alexandria.asd
global-vars, ghcr.io/ocicl/global-vars@sha256:22937c8bd0f635855c2c044b0ae0ab3b438ba5e858192dae462807148547d99a, global-vars-20230809-c749f32/global-vars.asd
global-vars-test, ghcr.io/ocicl/global-vars@sha256:22937c8bd0f635855c2c044b0ae0ab3b438ba5e858192dae462807148547d99a, global-vars-20230809-c749f32/global-vars-test.asd
trivial-features, ghcr.io/ocicl/trivial-features@sha256:9da86d54aeabcaeb43e69e0a1d6d04c42d9446f2094c8752d89d4ca6ba1b7cbd, trivial-features-1.0/trivial-features.asd
trivial-features-tests, ghcr.io/ocicl/trivial-features@sha256:9da86d54aeabcaeb43e69e0a1d6d04c42d9446f2094c8752d89d4ca6ba1b7cbd, trivial-features-1.0/trivial-features-tests.asd
trivial-garbage, ghcr.io/ocicl/trivial-garbage@sha256:3c9878218be64109e8b6b5059b47f2f4d09e2d35cc97683772a73fc113a7bb0b, trivial-garbage-20230809-bd0e9d7/trivial-garbage.asd
logv, ghcr.io/ocicl/logv@sha256:675ae22abc6b975bbd3d84f083def90a7e4f59a2dd3399dfada62200594e98f2, logv-20230809-a0fa3e1/logv.asd
rw-ut, ghcr.io/ocicl/rw-ut@sha256:991e594b218186de99d11a91cf5d1e36e36dab577e903f90a960adf8cffc44fb, rw-ut-20230809-7535c35/rw-ut.asd
split-sequence, ghcr.io/ocicl/split-sequence@sha256:e3883aa62ed7def931505d24f3cde4ab47d4a715cebf32de90615b8dad292bac, split-sequence-2.0.1/split-sequence.asd
f-underscore, ghcr.io/ocicl/f-underscore@sha256:e7ade01f29d52eb15b62abf392c45d0a90bf29f1cfb83cf0e2b6f06d023b610d, f-underscore-20230813-7988171/f-underscore.asd
cl-who, ghcr.io/ocicl/cl-who@sha256:7345af5535b598d903d30df1e9b319304bfb2658d0eb5e7a27d6360e9df283cd, cl-who-20230808-07dafe9/cl-who.asd
easy-routes, ghcr.io/ocicl/easy-routes@sha256:022c9afd17873e8490129d0f05636e333749f30e858e428c691591833c81d496, easy-routes-20230815-7832f8b/easy-routes.asd
easy-routes+errors, ghcr.io/ocicl/easy-routes@sha256:022c9afd17873e8490129d0f05636e333749f30e858e428c691591833c81d496, easy-routes-20230815-7832f8b/easy-routes+errors.asd
easy-routes+djula, ghcr.io/ocicl/easy-routes@sha256:022c9afd17873e8490129d0f05636e333749f30e858e428c691591833c81d496, easy-routes-20230815-7832f8b/easy-routes+djula.asd
hunchentoot, ghcr.io/ocicl/hunchentoot@sha256:50dd44b1aa49c24047bb86271238ee816c3b65d45589b9e90c9dfb26f28eae11, hunchentoot-1.3.0/hunchentoot.asd
chunga, ghcr.io/ocicl/chunga@sha256:ee552d82a8e1f89333d4c31055e1c638b5e783b238eeb5a8774367b27c02e2c9, chunga-20230809-e7dc536/chunga.asd
trivial-gray-streams, ghcr.io/ocicl/trivial-gray-streams@sha256:50bff0f1fe77fe2b297a4c4b4b86fa40cadd98dabe93616314cbf9a054ac150a, trivial-gray-streams-20230809-f873865/trivial-gray-streams.asd
trivial-gray-streams-test, ghcr.io/ocicl/trivial-gray-streams@sha256:50bff0f1fe77fe2b297a4c4b4b86fa40cadd98dabe93616314cbf9a054ac150a, trivial-gray-streams-20230809-f873865/trivial-gray-streams-test.asd
cl-base64, ghcr.io/ocicl/cl-base64@sha256:a88846138b190a3a4a7082e44f360236faccb9f545cd38b7b12ae07eae292e3d, cl-base64-20230809-80496b7/cl-base64.asd
cl-base64-tests, ghcr.io/ocicl/cl-base64@sha256:a88846138b190a3a4a7082e44f360236faccb9f545cd38b7b12ae07eae292e3d, cl-base64-20230809-80496b7/cl-base64-tests.asd
flexi-streams, ghcr.io/ocicl/flexi-streams@sha256:2eb7271c30799a51bb3720ca37ee358764522255d66aabcc1a3012becfab1dbc, flexi-streams-20230809-74a1027/flexi-streams.asd
flexi-streams-test, ghcr.io/ocicl/flexi-streams@sha256:2eb7271c30799a51bb3720ca37ee358764522255d66aabcc1a3012becfab1dbc, flexi-streams-20230809-74a1027/flexi-streams-test.asd
cl+ssl.test, ghcr.io/ocicl/cl_plus_ssl@sha256:28052d1112e5d42d38ea01cda70cfa122bc361dedd720d8fdb5cd409e0e41459, cl-plus-ssl-20230809-17d5cdd/cl+ssl.test.asd
cl+ssl, ghcr.io/ocicl/cl_plus_ssl@sha256:28052d1112e5d42d38ea01cda70cfa122bc361dedd720d8fdb5cd409e0e41459, cl-plus-ssl-20230809-17d5cdd/cl+ssl.asd
uffi, ghcr.io/ocicl/cffi@sha256:6af27c3bcfd00c475feb467a62f51e0c83faa2c8d8858a0d49af40c59697f5be, cffi-20230809-c42b42e/uffi-compat/uffi.asd
cffi, ghcr.io/ocicl/cffi@sha256:6af27c3bcfd00c475feb467a62f51e0c83faa2c8d8858a0d49af40c59697f5be, cffi-20230809-c42b42e/cffi.asd
cffi-uffi-compat, ghcr.io/ocicl/cffi@sha256:6af27c3bcfd00c475feb467a62f51e0c83faa2c8d8858a0d49af40c59697f5be, cffi-20230809-c42b42e/cffi-uffi-compat.asd
cffi-toolchain, ghcr.io/ocicl/cffi@sha256:6af27c3bcfd00c475feb467a62f51e0c83faa2c8d8858a0d49af40c59697f5be, cffi-20230809-c42b42e/cffi-toolchain.asd
cffi-tests, ghcr.io/ocicl/cffi@sha256:6af27c3bcfd00c475feb467a62f51e0c83faa2c8d8858a0d49af40c59697f5be, cffi-20230809-c42b42e/cffi-tests.asd
cffi-libffi, ghcr.io/ocicl/cffi@sha256:6af27c3bcfd00c475feb467a62f51e0c83faa2c8d8858a0d49af40c59697f5be, cffi-20230809-c42b42e/cffi-libffi.asd
cffi-grovel, ghcr.io/ocicl/cffi@sha256:6af27c3bcfd00c475feb467a62f51e0c83faa2c8d8858a0d49af40c59697f5be, cffi-20230809-c42b42e/cffi-grovel.asd
cffi-examples, ghcr.io/ocicl/cffi@sha256:6af27c3bcfd00c475feb467a62f51e0c83faa2c8d8858a0d49af40c59697f5be, cffi-20230809-c42b42e/cffi-examples.asd
babel, ghcr.io/ocicl/babel@sha256:6d94ae594a1f6ad44781b1a41d899f7b07b61c5a362e265241d69516dbd70f7f, babel-20230809-627d6a6/babel.asd
babel-tests, ghcr.io/ocicl/babel@sha256:6d94ae594a1f6ad44781b1a41d899f7b07b61c5a362e265241d69516dbd70f7f, babel-20230809-627d6a6/babel-tests.asd
babel-streams, ghcr.io/ocicl/babel@sha256:6d94ae594a1f6ad44781b1a41d899f7b07b61c5a362e265241d69516dbd70f7f, babel-20230809-627d6a6/babel-streams.asd
usocket, ghcr.io/ocicl/usocket@sha256:e8f5862adc7ac2a5e9d25cf01e63cdffde2a1c553379d91aa2ad3dad0ad3c491, usocket-0.8.6/usocket.asd
usocket-test, ghcr.io/ocicl/usocket@sha256:e8f5862adc7ac2a5e9d25cf01e63cdffde2a1c553379d91aa2ad3dad0ad3c491, usocket-0.8.6/usocket-test.asd
usocket-server, ghcr.io/ocicl/usocket@sha256:e8f5862adc7ac2a5e9d25cf01e63cdffde2a1c553379d91aa2ad3dad0ad3c491, usocket-0.8.6/usocket-server.asd
md5, ghcr.io/ocicl/md5@sha256:00e8b92eea99b82a75eac0e359316bdd532f3aa076a24ba27e8e1958790c5447, md5-2.0.5/md5.asd
rfc2388, ghcr.io/ocicl/rfc2388@sha256:6fe862d7c4bb7553b9a4372c5ca97cba2c2582c134aef921f9434db5b0cc024c, rfc2388-20230809-591bcf7/rfc2388.asd
trivial-backtrace, ghcr.io/ocicl/trivial-backtrace@sha256:8189c3a641490b523a67b6711bdf44a2b4b64e2c51604cf991247d9353597d21, trivial-backtrace-20230809-7f90b4a/trivial-backtrace.asd
trivial-backtrace-test, ghcr.io/ocicl/trivial-backtrace@sha256:8189c3a641490b523a67b6711bdf44a2b4b64e2c51604cf991247d9353597d21, trivial-backtrace-20230809-7f90b4a/trivial-backtrace-test.asd
routes, ghcr.io/ocicl/routes@sha256:5a2eda8694282fbd76c3baeb9d41380714971b000c9aa212f4806520d231feef, cl-routes-20230808-1b79e85/routes.asd
puri, ghcr.io/ocicl/puri@sha256:e1c8fdd23d2ecfa603ca591f799a8147df0b05a4fae33b1c779de337010b0a59, puri-4bbab9/puri.asd
iterate, ghcr.io/ocicl/iterate@sha256:1a814ce6c842cf46160d0ec15ffa9954ec2b96c611d294100c40e1b3a0f507a8, iterate-20230809-4a64b68/iterate.asd
cl-template, ghcr.io/ocicl/cl-template@sha256:2996b5710a1bc413902fc3f4026aad051e40472f24e929feb058d2454059d650, cl-template-20230809-46193a9/cl-template.asd
ratify, ghcr.io/ocicl/ratify@sha256:9fa2ebde08fa55253a061c5cc57309a288517efa82b965f8b695e389c7f1d30b, Ratify-20230808-9ce3b6e/ratify.asd
local-time, ghcr.io/ocicl/local-time@sha256:05e3c510c3bb8d5bd710354d8545377528eb11733ba980b9a0a0d72380818ac9, local-time-20230818-d62b2f9/local-time.asd
cl-postgres+local-time, ghcr.io/ocicl/local-time@sha256:05e3c510c3bb8d5bd710354d8545377528eb11733ba980b9a0a0d72380818ac9, local-time-20230818-d62b2f9/cl-postgres+local-time.asd
parse-float, ghcr.io/ocicl/parse-float@sha256:ac97572fb76ce4512e43399ac40f8c7f56e75bcd86e2eb080d3cc501fe22e17c, parse-float-20230809-3074765/parse-float.asd
